Function,Initialization,Diversity
Sphere-2d,random,2.551689501094877
Sphere-2d,random,2.582047307109752
Sphere-2d,random,2.918917701855421
Sphere-2d,random,2.2639446520221824
Sphere-2d,random,2.7837820544520575
Sphere-2d,random,2.722764190185153
Sphere-2d,random,2.8314285422264867
Sphere-2d,random,2.601431412105332
Sphere-2d,random,2.993306785883081
Sphere-2d,random,2.4469418728479386
Sphere-2d,random,3.2587492158244737
Sphere-2d,random,2.771069053214207
Sphere-2d,random,2.812358924337297
Sphere-2d,random,2.5400690507086994
Sphere-2d,random,2.761520611562415
Sphere-2d,cahotic,2.7843719565986604
Sphere-2d,cahotic,2.849703615685154
Sphere-2d,cahotic,2.7569041612675336
Sphere-2d,cahotic,2.834471278840549
Sphere-2d,cahotic,2.6564960688237447
Sphere-2d,cahotic,2.685096701112732
Sphere-2d,cahotic,2.7657643629859523
Sphere-2d,cahotic,2.6719387997825574
Sphere-2d,cahotic,2.6366517740213156
Sphere-2d,cahotic,3.0310877581357056
Sphere-2d,cahotic,2.8686846106111266
Sphere-2d,cahotic,2.942327117690194
Sphere-2d,cahotic,2.554677688522699
Sphere-2d,cahotic,2.4445940952542076
Sphere-2d,cahotic,2.494670722320274
Rosenbrock-2d,random,0.9962094817689504
Rosenbrock-2d,random,1.0596772402727699
Rosenbrock-2d,random,1.096934966271045
Rosenbrock-2d,random,1.004139861064165
Rosenbrock-2d,random,1.193935362868676
Rosenbrock-2d,random,1.0068474829686658
Rosenbrock-2d,random,1.1603669976971662
Rosenbrock-2d,random,1.04644194359707
Rosenbrock-2d,random,1.0343522814137913
Rosenbrock-2d,random,1.051690641394604
Rosenbrock-2d,random,1.1128450357661976
Rosenbrock-2d,random,1.0436419578978622
Rosenbrock-2d,random,1.0692871279360663
Rosenbrock-2d,random,1.0599871287249747
Rosenbrock-2d,random,1.0862080573200599
Rosenbrock-2d,cahotic,1.1721332419164845
Rosenbrock-2d,cahotic,1.1333496055887502
Rosenbrock-2d,cahotic,1.02915696601335
Rosenbrock-2d,cahotic,1.1532669574478234
Rosenbrock-2d,cahotic,1.1976852483672935
Rosenbrock-2d,cahotic,1.077690257993
Rosenbrock-2d,cahotic,1.0455193926045605
Rosenbrock-2d,cahotic,0.9844267938335273
Rosenbrock-2d,cahotic,0.9780838861461845
Rosenbrock-2d,cahotic,1.0933518159132478
Rosenbrock-2d,cahotic,0.9241308159964032
Rosenbrock-2d,cahotic,1.18573492864563
Rosenbrock-2d,cahotic,0.9898096824933758
Rosenbrock-2d,cahotic,0.9789577258989801
Rosenbrock-2d,cahotic,1.1601378375444265
Ackley-2d,random,2.4987232902934844
Ackley-2d,random,2.561670584245263
Ackley-2d,random,2.7857309397789574
Ackley-2d,random,2.719848845008562
Ackley-2d,random,2.465785626407869
Ackley-2d,random,2.373400827919201
Ackley-2d,random,2.8032183794061836
Ackley-2d,random,2.4581338365403944
Ackley-2d,random,2.4813889662238577
Ackley-2d,random,2.7366071983357205
Ackley-2d,random,2.7051206039447067
Ackley-2d,random,2.8621927398091005
Ackley-2d,random,2.705305684327758
Ackley-2d,random,2.57383965802572
Ackley-2d,random,2.4768475300974333
Ackley-2d,cahotic,2.790844496207272
Ackley-2d,cahotic,2.5447834666334415
Ackley-2d,cahotic,2.1708046095356095
Ackley-2d,cahotic,2.680855235295668
Ackley-2d,cahotic,2.686852012580665
Ackley-2d,cahotic,2.750318854202808
Ackley-2d,cahotic,2.9617662691489643
Ackley-2d,cahotic,2.8549023445082082
Ackley-2d,cahotic,2.9051449281407007
Ackley-2d,cahotic,2.8210446577301114
Ackley-2d,cahotic,2.382088249831779
Ackley-2d,cahotic,2.739945789922879
Ackley-2d,cahotic,2.740987103758457
Ackley-2d,cahotic,2.5175329447827597
Ackley-2d,cahotic,2.810596235879837
Rastrigin-2d,random,2.240303425755423
Rastrigin-2d,random,2.627573708335167
Rastrigin-2d,random,2.8923887066446796
Rastrigin-2d,random,2.750514744434528
Rastrigin-2d,random,2.550492726117127
Rastrigin-2d,random,2.782279612846111
Rastrigin-2d,random,2.3953049298508504
Rastrigin-2d,random,2.7693808331189915
Rastrigin-2d,random,3.0049928662606917
Rastrigin-2d,random,2.7270999272732657
Rastrigin-2d,random,2.624148413561219
Rastrigin-2d,random,2.702218101385349
Rastrigin-2d,random,2.875453986193817
Rastrigin-2d,random,2.940664711907043
Rastrigin-2d,random,3.030633409047882
Rastrigin-2d,cahotic,2.998520287462421
Rastrigin-2d,cahotic,2.825246037763913
Rastrigin-2d,cahotic,3.034719812081656
Rastrigin-2d,cahotic,2.856917920573622
Rastrigin-2d,cahotic,2.5496997669113934
Rastrigin-2d,cahotic,2.8464418344896325
Rastrigin-2d,cahotic,2.62828445264331
Rastrigin-2d,cahotic,2.985505632602613
Rastrigin-2d,cahotic,3.1085007856517226
Rastrigin-2d,cahotic,3.0592322022628933
Rastrigin-2d,cahotic,2.795739829670978
Rastrigin-2d,cahotic,2.7299804237557788
Rastrigin-2d,cahotic,2.8869438398840397
Rastrigin-2d,cahotic,2.6447795619310015
Rastrigin-2d,cahotic,3.122388627347756
Weierstrass-2d,random,0.2616765716313464
Weierstrass-2d,random,0.2867416341043229
Weierstrass-2d,random,0.26798644006048894
Weierstrass-2d,random,0.26326875218504187
Weierstrass-2d,random,0.2647481233876007
Weierstrass-2d,random,0.2483747897528893
Weierstrass-2d,random,0.2929199871606144
Weierstrass-2d,random,0.2566663396098323
Weierstrass-2d,random,0.27849551570740677
Weierstrass-2d,random,0.2568310128459126
Weierstrass-2d,random,0.291621012260205
Weierstrass-2d,random,0.30678473671815126
Weierstrass-2d,random,0.2716709122791895
Weierstrass-2d,random,0.2595571525927589
Weierstrass-2d,random,0.23319941395816415
Weierstrass-2d,cahotic,0.28154703638566386
Weierstrass-2d,cahotic,0.2325710643775372
Weierstrass-2d,cahotic,0.23809954384380247
Weierstrass-2d,cahotic,0.24952144952149813
Weierstrass-2d,cahotic,0.27219302948655405
Weierstrass-2d,cahotic,0.2647809892880969
Weierstrass-2d,cahotic,0.2949937432859281
Weierstrass-2d,cahotic,0.23653280054414474
Weierstrass-2d,cahotic,0.2523634286524539
Weierstrass-2d,cahotic,0.25621444513939906
Weierstrass-2d,cahotic,0.2944402288404583
Weierstrass-2d,cahotic,0.2280370258673068
Weierstrass-2d,cahotic,0.21420107382004322
Weierstrass-2d,cahotic,0.2595057574261006
Weierstrass-2d,cahotic,0.27131350358206247
Griewank-2d,random,339.4199081419236
Griewank-2d,random,318.3383952073501
Griewank-2d,random,322.9154187769191
Griewank-2d,random,309.6385327576531
Griewank-2d,random,317.17987992028037
Griewank-2d,random,300.7960230814185
Griewank-2d,random,344.27305044944995
Griewank-2d,random,319.17929228890307
Griewank-2d,random,320.37874998322155
Griewank-2d,random,300.2239146824136
Griewank-2d,random,321.7167448503841
Griewank-2d,random,297.6889657726713
Griewank-2d,random,311.8449959261536
Griewank-2d,random,324.1415152898784
Griewank-2d,random,318.9302734418966
Griewank-2d,cahotic,336.84065542640434
Griewank-2d,cahotic,304.1352682968353
Griewank-2d,cahotic,303.96294005815906
Griewank-2d,cahotic,283.58710212075397
Griewank-2d,cahotic,306.9900429054009
Griewank-2d,cahotic,323.3096632581644
Griewank-2d,cahotic,324.704161620266
Griewank-2d,cahotic,299.75482219376494
Griewank-2d,cahotic,330.4002061749693
Griewank-2d,cahotic,313.2667966378696
Griewank-2d,cahotic,272.7455878875329
Griewank-2d,cahotic,256.73874798549076
Griewank-2d,cahotic,314.33597982897345
Griewank-2d,cahotic,321.8608992682997
Griewank-2d,cahotic,331.1552795079285
Schwefel-2d,random,268.4942891078048
Schwefel-2d,random,255.93513922478826
Schwefel-2d,random,289.8955288276499
Schwefel-2d,random,285.51245036626614
Schwefel-2d,random,269.1973391986044
Schwefel-2d,random,281.18884748924535
Schwefel-2d,random,269.29202596865275
Schwefel-2d,random,269.2893449289146
Schwefel-2d,random,283.0929417222283
Schwefel-2d,random,260.9710065741064
Schwefel-2d,random,278.91985497961934
Schwefel-2d,random,258.4076730266035
Schwefel-2d,random,277.12470473488526
Schwefel-2d,random,289.6568594396201
Schwefel-2d,random,286.73365667905665
Schwefel-2d,cahotic,331.0107211496714
Schwefel-2d,cahotic,314.4715939937373
Schwefel-2d,cahotic,323.5438071417823
Schwefel-2d,cahotic,333.30613098831475
Schwefel-2d,cahotic,304.1355123518129
Schwefel-2d,cahotic,310.2736431369347
Schwefel-2d,cahotic,349.63282976954576
Schwefel-2d,cahotic,336.3734829888431
Schwefel-2d,cahotic,348.60209973312203
Schwefel-2d,cahotic,325.0594852901767
Schwefel-2d,cahotic,329.3723802637037
Schwefel-2d,cahotic,325.2960214829236
Schwefel-2d,cahotic,339.6209005623631
Schwefel-2d,cahotic,319.6572090427678
Schwefel-2d,cahotic,324.0048925839353
Sumsquares-2d,random,5.591105102868787
Sumsquares-2d,random,5.578264544802123
Sumsquares-2d,random,5.280351961627715
Sumsquares-2d,random,5.596568942492718
Sumsquares-2d,random,5.3471970701414815
Sumsquares-2d,random,5.252015087178496
Sumsquares-2d,random,5.670027777632656
Sumsquares-2d,random,5.188180602258908
Sumsquares-2d,random,5.495371131222434
Sumsquares-2d,random,5.192835365306519
Sumsquares-2d,random,5.239071456631994
Sumsquares-2d,random,5.218214409445451
Sumsquares-2d,random,5.060296488863054
Sumsquares-2d,random,5.1774721627099085
Sumsquares-2d,random,5.776087571798968
Sumsquares-2d,cahotic,5.306293043761355
Sumsquares-2d,cahotic,4.86125965269878
Sumsquares-2d,cahotic,4.9798844642749005
Sumsquares-2d,cahotic,5.6284845672083295
Sumsquares-2d,cahotic,5.366251886898095
Sumsquares-2d,cahotic,5.9674962513082646
Sumsquares-2d,cahotic,5.0119959368691855
Sumsquares-2d,cahotic,5.166416781427339
Sumsquares-2d,cahotic,5.27254199827398
Sumsquares-2d,cahotic,5.199576852208097
Sumsquares-2d,cahotic,5.531957067783789
Sumsquares-2d,cahotic,5.502745644512503
Sumsquares-2d,cahotic,5.308681870868672
Sumsquares-2d,cahotic,5.081831367940248
Sumsquares-2d,cahotic,5.546619427002438
Eggholder,random,271.2783819216113
Eggholder,random,267.6396704921195
Eggholder,random,300.57758090694443
Eggholder,random,263.3954407195598
Eggholder,random,270.15498730558033
Eggholder,random,243.69866677963182
Eggholder,random,294.42160480697436
Eggholder,random,256.05342657406186
Eggholder,random,265.17068561743406
Eggholder,random,297.45426174793414
Eggholder,random,280.85816925463956
Eggholder,random,272.45731871883595
Eggholder,random,262.36584270862124
Eggholder,random,288.6447119546094
Eggholder,random,246.63457488717384
Eggholder,cahotic,317.0013548691214
Eggholder,cahotic,349.1774355406971
Eggholder,cahotic,338.78107698550514
Eggholder,cahotic,333.43985218140244
Eggholder,cahotic,334.73949757462185
Eggholder,cahotic,355.8340883066189
Eggholder,cahotic,350.8643829145941
Eggholder,cahotic,331.025746742155
Eggholder,cahotic,358.6824486903601
Eggholder,cahotic,304.19689694094217
Eggholder,cahotic,351.50349804400656
Eggholder,cahotic,386.073976294839
Eggholder,cahotic,368.72594710687304
Eggholder,cahotic,334.60311601792813
Eggholder,cahotic,370.77313359077095
Sphere-10d,random,2.908336050909753
Sphere-10d,random,2.827017931062589
Sphere-10d,random,2.9717857513523023
Sphere-10d,random,2.8156630383468206
Sphere-10d,random,2.929426103995827
Sphere-10d,random,2.814727324021119
Sphere-10d,random,3.0009234911790603
Sphere-10d,random,2.832855977296153
Sphere-10d,random,2.8138909959797127
Sphere-10d,random,2.922083622726011
Sphere-10d,random,2.8594100414416768
Sphere-10d,random,2.9102896731456065
Sphere-10d,random,2.7931052495209685
Sphere-10d,random,2.8511320208650317
Sphere-10d,random,2.836191541442162
Sphere-10d,cahotic,3.2675987183911537
Sphere-10d,cahotic,3.2428447806403473
Sphere-10d,cahotic,3.2581605056299834
Sphere-10d,cahotic,3.28506153205062
Sphere-10d,cahotic,3.2673036466570573
Sphere-10d,cahotic,3.2723185733429943
Sphere-10d,cahotic,3.105969183411628
Sphere-10d,cahotic,3.380775479584492
Sphere-10d,cahotic,3.3999011745917875
Sphere-10d,cahotic,3.3065502435984784
Sphere-10d,cahotic,3.405915931936619
Sphere-10d,cahotic,3.3134101936330014
Sphere-10d,cahotic,3.276935840779312
Sphere-10d,cahotic,3.2770498581379384
Sphere-10d,cahotic,3.2061356033546353
Rosenbrock-10d,random,1.1443518900327931
Rosenbrock-10d,random,1.1524931246702865
Rosenbrock-10d,random,1.1295168754027514
Rosenbrock-10d,random,1.1239759825564286
Rosenbrock-10d,random,1.169193393471351
Rosenbrock-10d,random,1.1426741027791076
Rosenbrock-10d,random,1.171846413315278
Rosenbrock-10d,random,1.1666954792181479
Rosenbrock-10d,random,1.1937659538865384
Rosenbrock-10d,random,1.1371056265240898
Rosenbrock-10d,random,1.2121619642066637
Rosenbrock-10d,random,1.1357375982728215
Rosenbrock-10d,random,1.16040861934936
Rosenbrock-10d,random,1.165762108844509
Rosenbrock-10d,random,1.1647371066516792
Rosenbrock-10d,cahotic,1.3375458940066414
Rosenbrock-10d,cahotic,1.3343903179618846
Rosenbrock-10d,cahotic,1.3942411367196643
Rosenbrock-10d,cahotic,1.3368514198015184
Rosenbrock-10d,cahotic,1.3281681492048585
Rosenbrock-10d,cahotic,1.3074058682301717
Rosenbrock-10d,cahotic,1.3196988324334165
Rosenbrock-10d,cahotic,1.3481702878625168
Rosenbrock-10d,cahotic,1.3112625095409072
Rosenbrock-10d,cahotic,1.3503453019573228
Rosenbrock-10d,cahotic,1.3596019595571636
Rosenbrock-10d,cahotic,1.3449043546244683
Rosenbrock-10d,cahotic,1.3657905291353742
Rosenbrock-10d,cahotic,1.3565757698664205
Rosenbrock-10d,cahotic,1.3241049796026618
Ackley-10d,random,2.7863558376054764
Ackley-10d,random,2.9008064436582766
Ackley-10d,random,2.8913445678323946
Ackley-10d,random,2.7640073271476773
Ackley-10d,random,2.862245553313492
Ackley-10d,random,2.82155668103034
Ackley-10d,random,2.8669895158278864
Ackley-10d,random,2.6957558359977742
Ackley-10d,random,2.8249482434236906
Ackley-10d,random,2.849515825876622
Ackley-10d,random,2.8473998836453775
Ackley-10d,random,2.86507878458444
Ackley-10d,random,2.906121952222893
Ackley-10d,random,2.884919010163124
Ackley-10d,random,2.775359473730811
Ackley-10d,cahotic,3.3086340194395927
Ackley-10d,cahotic,3.3418965380200025
Ackley-10d,cahotic,3.4623521808854925
Ackley-10d,cahotic,3.2750003672347447
Ackley-10d,cahotic,3.192593285272654
Ackley-10d,cahotic,3.352859403626776
Ackley-10d,cahotic,3.371422512056938
Ackley-10d,cahotic,3.255860985049212
Ackley-10d,cahotic,3.4529488224147866
Ackley-10d,cahotic,3.376874841613154
Ackley-10d,cahotic,3.3177402242352283
Ackley-10d,cahotic,3.248536505679912
Ackley-10d,cahotic,3.5550153098459383
Ackley-10d,cahotic,3.53622204600017
Ackley-10d,cahotic,3.268442596176504
Rastrigin-10d,random,2.961232343787949
Rastrigin-10d,random,2.924768820075694
Rastrigin-10d,random,2.9047578714376887
Rastrigin-10d,random,2.915346843516917
Rastrigin-10d,random,2.872483717869114
Rastrigin-10d,random,2.8944972266360014
Rastrigin-10d,random,2.8246953199682205
Rastrigin-10d,random,2.7504904140341244
Rastrigin-10d,random,2.860871229219388
Rastrigin-10d,random,2.9120424643057525
Rastrigin-10d,random,2.8397744557905353
Rastrigin-10d,random,2.8595736572255777
Rastrigin-10d,random,2.881841683419083
Rastrigin-10d,random,2.923063836188232
Rastrigin-10d,random,2.965521733317499
Rastrigin-10d,cahotic,3.464915987424101
Rastrigin-10d,cahotic,3.2730302820001964
Rastrigin-10d,cahotic,3.5417234400897954
Rastrigin-10d,cahotic,3.3118495553649456
Rastrigin-10d,cahotic,3.3027907442036986
Rastrigin-10d,cahotic,3.3366797851959085
Rastrigin-10d,cahotic,3.251481154933431
Rastrigin-10d,cahotic,3.3801973219584363
Rastrigin-10d,cahotic,3.435889506682557
Rastrigin-10d,cahotic,3.3079796008871476
Rastrigin-10d,cahotic,3.368886273951539
Rastrigin-10d,cahotic,3.2653096980656646
Rastrigin-10d,cahotic,3.334069127857823
Rastrigin-10d,cahotic,3.4982168746020723
Rastrigin-10d,cahotic,3.3614035627608985
Weierstrass-10d,random,0.28433227088274793
Weierstrass-10d,random,0.29285984255765113
Weierstrass-10d,random,0.27885521638496774
Weierstrass-10d,random,0.284588280562145
Weierstrass-10d,random,0.2814279542436751
Weierstrass-10d,random,0.2822993080068394
Weierstrass-10d,random,0.276049114732535
Weierstrass-10d,random,0.28200629979432884
Weierstrass-10d,random,0.28834626115874934
Weierstrass-10d,random,0.27889774406924156
Weierstrass-10d,random,0.2780646555156038
Weierstrass-10d,random,0.2848076906559085
Weierstrass-10d,random,0.2726877499360778
Weierstrass-10d,random,0.26711936802216857
Weierstrass-10d,random,0.28214708011488865
Weierstrass-10d,cahotic,0.3220322259759354
Weierstrass-10d,cahotic,0.3244374687978588
Weierstrass-10d,cahotic,0.32058864592312963
Weierstrass-10d,cahotic,0.32535346986034985
Weierstrass-10d,cahotic,0.3316430016732956
Weierstrass-10d,cahotic,0.32403525491178675
Weierstrass-10d,cahotic,0.31469358341835113
Weierstrass-10d,cahotic,0.3182954682382895
Weierstrass-10d,cahotic,0.3294666214436344
Weierstrass-10d,cahotic,0.31421268932339635
Weierstrass-10d,cahotic,0.32080150301126403
Weierstrass-10d,cahotic,0.3157578073619953
Weierstrass-10d,cahotic,0.3193094192196381
Weierstrass-10d,cahotic,0.3173341231088579
Weierstrass-10d,cahotic,0.31125869526146116
Griewank-10d,random,339.4205866987613
Griewank-10d,random,348.6009236501673
Griewank-10d,random,337.11012978505846
Griewank-10d,random,343.0521129312822
Griewank-10d,random,340.1615014074837
Griewank-10d,random,323.2326481879592
Griewank-10d,random,340.2587991039185
Griewank-10d,random,346.84779256867836
Griewank-10d,random,342.26728766638996
Griewank-10d,random,351.70367815440244
Griewank-10d,random,340.23408454011206
Griewank-10d,random,335.2510849350671
Griewank-10d,random,358.3493167039934
Griewank-10d,random,343.4087908859879
Griewank-10d,random,342.0513725062182
Griewank-10d,cahotic,379.0134893548283
Griewank-10d,cahotic,377.1305475250892
Griewank-10d,cahotic,378.558087022862
Griewank-10d,cahotic,378.68050690632776
Griewank-10d,cahotic,374.186556008635
Griewank-10d,cahotic,382.12124887913683
Griewank-10d,cahotic,371.62352720320564
Griewank-10d,cahotic,384.7654662399564
Griewank-10d,cahotic,380.63388481738315
Griewank-10d,cahotic,379.813425194345
Griewank-10d,cahotic,387.38716889679637
Griewank-10d,cahotic,385.6116032346944
Griewank-10d,cahotic,389.1584525007826
Griewank-10d,cahotic,363.92272777273
Griewank-10d,cahotic,375.85619717244373
Schwefel-10d,random,278.0034094465236
Schwefel-10d,random,278.89124924095364
Schwefel-10d,random,288.9145556290264
Schwefel-10d,random,283.619354193943
Schwefel-10d,random,283.89427615120314
Schwefel-10d,random,280.14670319633257
Schwefel-10d,random,281.4677654313114
Schwefel-10d,random,287.2502237784574
Schwefel-10d,random,281.52091175999914
Schwefel-10d,random,280.74375476377224
Schwefel-10d,random,286.1912387755211
Schwefel-10d,random,289.3521146269318
Schwefel-10d,random,296.16255930414815
Schwefel-10d,random,281.1777168983175
Schwefel-10d,random,282.22324263679786
Schwefel-10d,cahotic,342.5700920834199
Schwefel-10d,cahotic,354.7672081803766
Schwefel-10d,cahotic,351.75090484853087
Schwefel-10d,cahotic,350.783023785455
Schwefel-10d,cahotic,350.6256901335809
Schwefel-10d,cahotic,352.51357401411155
Schwefel-10d,cahotic,352.9106123511068
Schwefel-10d,cahotic,339.8373672910051
Schwefel-10d,cahotic,351.817201067233
Schwefel-10d,cahotic,337.0575952780471
Schwefel-10d,cahotic,341.4230175182251
Schwefel-10d,cahotic,344.64544897586757
Schwefel-10d,cahotic,345.5555602582271
Schwefel-10d,cahotic,347.8491926031246
Schwefel-10d,cahotic,350.34001908323427
Sumsquares-10d,random,5.577678007657564
Sumsquares-10d,random,5.258915246540474
Sumsquares-10d,random,5.399906626605774
Sumsquares-10d,random,5.682922157531618
Sumsquares-10d,random,5.68175987234923
Sumsquares-10d,random,5.63266714886518
Sumsquares-10d,random,5.5911134739375905
Sumsquares-10d,random,5.5199524636293935
Sumsquares-10d,random,5.547750793084383
Sumsquares-10d,random,5.765865024257576
Sumsquares-10d,random,5.782982909676196
Sumsquares-10d,random,5.440759805068033
Sumsquares-10d,random,5.676230598323372
Sumsquares-10d,random,5.655930824706893
Sumsquares-10d,random,5.576636613243119
Sumsquares-10d,cahotic,6.161525321668973
Sumsquares-10d,cahotic,6.6261925721445145
Sumsquares-10d,cahotic,6.630968772415958
Sumsquares-10d,cahotic,6.499595252309019
Sumsquares-10d,cahotic,6.332781563536532
Sumsquares-10d,cahotic,6.468118305247442
Sumsquares-10d,cahotic,6.636886324361024
Sumsquares-10d,cahotic,6.475020905385175
Sumsquares-10d,cahotic,6.385462233529331
Sumsquares-10d,cahotic,6.531455029776962
Sumsquares-10d,cahotic,6.552810403803326
Sumsquares-10d,cahotic,6.411081614757158
Sumsquares-10d,cahotic,6.664915625160614
Sumsquares-10d,cahotic,6.5366131597971675
Sumsquares-10d,cahotic,6.5481770766739045
Sphere-30d,random,3.0063220246030387
Sphere-30d,random,2.921625344860477
Sphere-30d,random,2.9290402573933103
Sphere-30d,random,2.924634594237046
Sphere-30d,random,2.9529920764136683
Sphere-30d,random,2.890752807340635
Sphere-30d,random,2.9625136564540524
Sphere-30d,random,2.8825090957700983
Sphere-30d,random,2.966406432774083
Sphere-30d,random,2.9246961761325343
Sphere-30d,random,2.9442419501363095
Sphere-30d,random,2.933227447481239
Sphere-30d,random,2.9690636130329167
Sphere-30d,random,2.9221079472144464
Sphere-30d,random,2.9110965709183443
Sphere-30d,cahotic,3.377036585966988
Sphere-30d,cahotic,3.4112726794305424
Sphere-30d,cahotic,3.4207504781510005
Sphere-30d,cahotic,3.448761811745401
Sphere-30d,cahotic,3.456691328623532
Sphere-30d,cahotic,3.38483024853806
Sphere-30d,cahotic,3.386175384004261
Sphere-30d,cahotic,3.4583963376966693
Sphere-30d,cahotic,3.5049633838567944
Sphere-30d,cahotic,3.4430748593340788
Sphere-30d,cahotic,3.450430449375295
Sphere-30d,cahotic,3.4850349491349077
Sphere-30d,cahotic,3.506537500558957
Sphere-30d,cahotic,3.4007469003028077
Sphere-30d,cahotic,3.428518594722624
Rosenbrock-30d,random,1.1470241211095098
Rosenbrock-30d,random,1.1611952686823197
Rosenbrock-30d,random,1.156727622083708
Rosenbrock-30d,random,1.1461078303411407
Rosenbrock-30d,random,1.1679632486036298
Rosenbrock-30d,random,1.2053029167922087
Rosenbrock-30d,random,1.1820705271518155
Rosenbrock-30d,random,1.1425469756700566
Rosenbrock-30d,random,1.1519419579429855
Rosenbrock-30d,random,1.1671431173890232
Rosenbrock-30d,random,1.1822741198735647
Rosenbrock-30d,random,1.1446367709213086
Rosenbrock-30d,random,1.1929282532386798
Rosenbrock-30d,random,1.172381993142566
Rosenbrock-30d,random,1.1555790956227097
Rosenbrock-30d,cahotic,1.3850019299407492
Rosenbrock-30d,cahotic,1.3774580494383437
Rosenbrock-30d,cahotic,1.3810382664960874
Rosenbrock-30d,cahotic,1.3953530201275681
Rosenbrock-30d,cahotic,1.3790573302013345
Rosenbrock-30d,cahotic,1.401511239905872
Rosenbrock-30d,cahotic,1.3885362469488287
Rosenbrock-30d,cahotic,1.371405134737062
Rosenbrock-30d,cahotic,1.3813697562972567
Rosenbrock-30d,cahotic,1.4003862335060953
Rosenbrock-30d,cahotic,1.3853978430195517
Rosenbrock-30d,cahotic,1.3929925584042726
Rosenbrock-30d,cahotic,1.386641697857125
Rosenbrock-30d,cahotic,1.3678158425170313
Rosenbrock-30d,cahotic,1.3734757267397182
Ackley-30d,random,2.8667444002978812
Ackley-30d,random,2.8208216984222987
Ackley-30d,random,2.8855119304022936
Ackley-30d,random,2.857463935775115
Ackley-30d,random,2.829200244053538
Ackley-30d,random,2.8502077798386263
Ackley-30d,random,2.8915117802388917
Ackley-30d,random,2.8387921155550684
Ackley-30d,random,2.8737571226277163
Ackley-30d,random,2.824037431302464
Ackley-30d,random,2.80699620355732
Ackley-30d,random,2.863029613057457
Ackley-30d,random,2.8227413882669805
Ackley-30d,random,2.866810729718409
Ackley-30d,random,2.853308647180794
Ackley-30d,cahotic,3.4613671123727996
Ackley-30d,cahotic,3.488080322641445
Ackley-30d,cahotic,3.529364857348304
Ackley-30d,cahotic,3.438134045612263
Ackley-30d,cahotic,3.4351857641357797
Ackley-30d,cahotic,3.4935468946618853
Ackley-30d,cahotic,3.5061435083014643
Ackley-30d,cahotic,3.4234857129833154
Ackley-30d,cahotic,3.5882694163627917
Ackley-30d,cahotic,3.4922443630049584
Ackley-30d,cahotic,3.527398517909979
Ackley-30d,cahotic,3.4765378109108815
Ackley-30d,cahotic,3.5503230926305815
Ackley-30d,cahotic,3.4957884156486614
Ackley-30d,cahotic,3.4836788724983467
Rastrigin-30d,random,2.9273964866446303
Rastrigin-30d,random,2.8893505168169344
Rastrigin-30d,random,2.890271002996302
Rastrigin-30d,random,2.928270378714264
Rastrigin-30d,random,2.8458368490316297
Rastrigin-30d,random,2.9504789355215877
Rastrigin-30d,random,2.932123334867335
Rastrigin-30d,random,2.9270593299545373
Rastrigin-30d,random,2.917244755870283
Rastrigin-30d,random,2.9321498667857524
Rastrigin-30d,random,2.87488642154121
Rastrigin-30d,random,2.9055535971473074
Rastrigin-30d,random,2.936994686931474
Rastrigin-30d,random,2.8735469588845306
Rastrigin-30d,random,2.955272954500062
Rastrigin-30d,cahotic,3.519297714841175
Rastrigin-30d,cahotic,3.4942329835721933
Rastrigin-30d,cahotic,3.4175355184151703
Rastrigin-30d,cahotic,3.561054791363422
Rastrigin-30d,cahotic,3.4809953535992673
Rastrigin-30d,cahotic,3.53256154710556
Rastrigin-30d,cahotic,3.4562821533526926
Rastrigin-30d,cahotic,3.5117746792762916
Rastrigin-30d,cahotic,3.559700819809479
Rastrigin-30d,cahotic,3.5092434260252396
Rastrigin-30d,cahotic,3.436250890342711
Rastrigin-30d,cahotic,3.539718953607288
Rastrigin-30d,cahotic,3.494827774648925
Rastrigin-30d,cahotic,3.451606297574876
Rastrigin-30d,cahotic,3.4436020443123505
Weierstrass-30d,random,0.28299117690692016
Weierstrass-30d,random,0.28277644304606303
Weierstrass-30d,random,0.2885515851824599
Weierstrass-30d,random,0.28678608660612054
Weierstrass-30d,random,0.27843619553642973
Weierstrass-30d,random,0.2802195489657106
Weierstrass-30d,random,0.2825146537218587
Weierstrass-30d,random,0.28816577149603756
Weierstrass-30d,random,0.2857877569493957
Weierstrass-30d,random,0.28622900236134297
Weierstrass-30d,random,0.28889342262866163
Weierstrass-30d,random,0.28008160230945195
Weierstrass-30d,random,0.2807905257715537
Weierstrass-30d,random,0.2868030945213833
Weierstrass-30d,random,0.28477854557683235
Weierstrass-30d,cahotic,0.34046818840540594
Weierstrass-30d,cahotic,0.3346676950833576
Weierstrass-30d,cahotic,0.3344192683027537
Weierstrass-30d,cahotic,0.3389759214330485
Weierstrass-30d,cahotic,0.3421036386079019
Weierstrass-30d,cahotic,0.33544457890047924
Weierstrass-30d,cahotic,0.3375731860194
Weierstrass-30d,cahotic,0.3356418567557982
Weierstrass-30d,cahotic,0.34019552960957705
Weierstrass-30d,cahotic,0.34288773265116546
Weierstrass-30d,cahotic,0.3343790163243617
Weierstrass-30d,cahotic,0.340916321444003
Weierstrass-30d,cahotic,0.34434449022463526
Weierstrass-30d,cahotic,0.3412183096650285
Weierstrass-30d,cahotic,0.3332602088136864
Griewank-30d,random,338.3668535094341
Griewank-30d,random,343.978873252075
Griewank-30d,random,343.0406922313655
Griewank-30d,random,338.6013611956134
Griewank-30d,random,341.63439338864947
Griewank-30d,random,344.1087808339243
Griewank-30d,random,338.8029545602366
Griewank-30d,random,333.5484952042578
Griewank-30d,random,350.88191914795664
Griewank-30d,random,338.41776022634485
Griewank-30d,random,335.87700010627566
Griewank-30d,random,335.91895181900645
Griewank-30d,random,338.22805343103784
Griewank-30d,random,333.4943045386941
Griewank-30d,random,343.5195065657421
Griewank-30d,cahotic,402.73976414155993
Griewank-30d,cahotic,407.3737188167509
Griewank-30d,cahotic,401.37749061462205
Griewank-30d,cahotic,404.4639669157267
Griewank-30d,cahotic,402.20134264747793
Griewank-30d,cahotic,401.7683575786443
Griewank-30d,cahotic,406.21130969766847
Griewank-30d,cahotic,401.81749480657015
Griewank-30d,cahotic,400.2250921519528
Griewank-30d,cahotic,408.5041088767637
Griewank-30d,cahotic,407.82238105154363
Griewank-30d,cahotic,395.2421605546023
Griewank-30d,cahotic,400.547213992611
Griewank-30d,cahotic,398.3552159210056
Griewank-30d,cahotic,406.7474271136946
Schwefel-30d,random,288.7052886343479
Schwefel-30d,random,278.3824898668141
Schwefel-30d,random,278.63050037043513
Schwefel-30d,random,281.62526387997866
Schwefel-30d,random,285.94334807470534
Schwefel-30d,random,286.8701388386754
Schwefel-30d,random,283.54794054453754
Schwefel-30d,random,287.54285784902646
Schwefel-30d,random,284.820804886597
Schwefel-30d,random,280.6794553213929
Schwefel-30d,random,282.08714452563834
Schwefel-30d,random,286.67242531385756
Schwefel-30d,random,290.2757836993947
Schwefel-30d,random,284.96765837120023
Schwefel-30d,random,284.85734863242516
Schwefel-30d,cahotic,351.8430391807153
Schwefel-30d,cahotic,348.4814988306717
Schwefel-30d,cahotic,351.9020144675747
Schwefel-30d,cahotic,357.949601055388
Schwefel-30d,cahotic,349.258575912271
Schwefel-30d,cahotic,352.33071337462604
Schwefel-30d,cahotic,353.3031960152291
Schwefel-30d,cahotic,353.12224935037267
Schwefel-30d,cahotic,352.7722471525054
Schwefel-30d,cahotic,351.88811806284417
Schwefel-30d,cahotic,357.63158246808865
Schwefel-30d,cahotic,349.055072864837
Schwefel-30d,cahotic,352.9629169839325
Schwefel-30d,cahotic,343.91723482735244
Schwefel-30d,cahotic,342.34751438212754
Sumsquares-30d,random,5.656673505013434
Sumsquares-30d,random,5.752607544832691
Sumsquares-30d,random,5.729574750269741
Sumsquares-30d,random,5.753433476380042
Sumsquares-30d,random,5.693827028778919
Sumsquares-30d,random,5.673865070324864
Sumsquares-30d,random,5.7002332682683985
Sumsquares-30d,random,5.745649965723276
Sumsquares-30d,random,5.681707033131111
Sumsquares-30d,random,5.680137598227785
Sumsquares-30d,random,5.7384505592165045
Sumsquares-30d,random,5.809530735427294
Sumsquares-30d,random,5.731702247978763
Sumsquares-30d,random,5.607867406624283
Sumsquares-30d,random,5.701065007020286
Sumsquares-30d,cahotic,6.752398018194949
Sumsquares-30d,cahotic,6.916656794044331
Sumsquares-30d,cahotic,6.670744146410366
Sumsquares-30d,cahotic,6.831192161038741
Sumsquares-30d,cahotic,6.784277808015113
Sumsquares-30d,cahotic,6.735125241516709
Sumsquares-30d,cahotic,6.857212675333673
Sumsquares-30d,cahotic,6.717333256609265
Sumsquares-30d,cahotic,6.752195634359798
Sumsquares-30d,cahotic,6.713919293707283
Sumsquares-30d,cahotic,6.751503842929926
Sumsquares-30d,cahotic,6.753684461081248
Sumsquares-30d,cahotic,6.779340074995175
Sumsquares-30d,cahotic,6.751428810637128
Sumsquares-30d,cahotic,6.752653921101696
