Function,Initialization,Mutation,Mean,Std,Median,Best,Worst
Sphere-2d,random,StandardABC,8.33975132373649e-13,1.4830517885573334e-12,8.018862786526024e-14,9.415079985465752e-17,5.14682015508029e-12
Sphere-2d,cahotic,StandardABC,5.682215302412397e-13,1.526508144661602e-12,1.5925736862268094e-14,1.5060899090775927e-17,5.934427640089914e-12
Sphere-2d,random,ModifiedABC,2.731929542737337e-10,4.940726762234285e-10,5.0753231537408804e-11,1.339760725587951e-13,1.635309557286259e-09
Sphere-2d,cahotic,ModifiedABC,1.5828135895991181e-10,2.2619311964600295e-10,8.194935675242564e-11,3.6796127629025204e-14,8.50197399820531e-10
Sphere-2d,random,ABC/best/1,2.911233707650189e-10,7.784566151114937e-10,9.637402375018719e-11,1.2979188284693856e-12,3.193481341875693e-09
Sphere-2d,cahotic,ABC/best/1,7.564470449502154e-11,8.81217269471782e-11,1.984702095766059e-11,2.120274650484657e-14,2.4529747125411765e-10
Sphere-2d,random,ABC/best/2,2.7426400276569857e-10,2.7770968644875365e-10,1.6441335278576756e-10,3.0972354964970865e-12,8.120368413311288e-10
Sphere-2d,cahotic,ABC/best/2,4.1168812000686405e-10,6.52078885147369e-10,1.6372787603954195e-10,2.1692984013282842e-13,2.4612625600109135e-09
Rosenbrock-2d,random,StandardABC,0.056999323020820426,0.05046777753343598,0.052959560076418714,0.00035688411186120456,0.12793532251980302
Rosenbrock-2d,cahotic,StandardABC,0.001961614389389962,0.002745132131348173,0.0003970701232194858,2.00423432867257e-05,0.00893478313178638
Rosenbrock-2d,random,ModifiedABC,0.0001755654706301793,0.0002031705109756593,0.00010832347480330831,7.002026768282274e-06,0.0007375498222310027
Rosenbrock-2d,cahotic,ModifiedABC,0.0002483923144356066,0.00014903462228463515,0.00021567206952003592,5.2055221005127314e-05,0.000594665748277268
Rosenbrock-2d,random,ABC/best/1,1.1590298345070898e-16,2.3338035326693466e-16,6.346155358839195e-17,2.5693103764267597e-20,9.82683028032295e-16
Rosenbrock-2d,cahotic,ABC/best/1,0.00033098815698068897,0.0010371406154173139,8.051342361809866e-06,4.68434205402517e-08,0.004181977860933625
Rosenbrock-2d,random,ABC/best/2,3.514881859235436e-05,3.139434756636566e-05,2.6308995828739114e-05,2.8595760219951124e-07,9.501389625535382e-05
Rosenbrock-2d,cahotic,ABC/best/2,0.001257982427223467,0.0017623632843544207,0.0004255695785428267,9.725786369098286e-05,0.007147433444079361
Ackley-2d,random,StandardABC,5.232739871037968e-10,9.139974531365156e-10,1.3381651342569967e-10,3.538502824085299e-12,3.5899425654406514e-09
Ackley-2d,cahotic,StandardABC,5.442013654525606e-10,1.1903764457056706e-09,1.3510614849110425e-10,3.751665644813329e-12,4.872738657013542e-09
Ackley-2d,random,ModifiedABC,1.2058554214415077e-08,1.1455025733718658e-08,5.6599418485348e-09,2.3237589630298316e-10,3.5742388604376174e-08
Ackley-2d,cahotic,ModifiedABC,3.5652150861172536e-08,2.5363574315111223e-08,2.5680424897700505e-08,4.45749748223534e-09,7.348395669737329e-08
Ackley-2d,random,ABC/best/1,1.4232932462239964e-08,1.3800029671269454e-08,8.604956747149117e-09,1.0278249362727365e-09,5.757305032716431e-08
Ackley-2d,cahotic,ABC/best/1,1.3917315773899948e-08,1.3230456630933693e-08,9.844963955174535e-09,2.3587531927660166e-10,4.8252534412540626e-08
Ackley-2d,random,ABC/best/2,3.335030811513206e-08,3.4781382207985534e-08,2.435339396811287e-08,9.0803808916462e-10,1.2470765753391788e-07
Ackley-2d,cahotic,ABC/best/2,4.447472008450859e-08,2.9936331722544026e-08,3.771134160501788e-08,2.9421727276712772e-09,1.103055851103818e-07
Rastrigin-2d,random,StandardABC,0.0,0.0,0.0,0.0,0.0
Rastrigin-2d,cahotic,StandardABC,0.0,0.0,0.0,0.0,0.0
Rastrigin-2d,random,ModifiedABC,0.0,0.0,0.0,0.0,0.0
Rastrigin-2d,cahotic,ModifiedABC,0.0,0.0,0.0,0.0,0.0
Rastrigin-2d,random,ABC/best/1,1.9933850126108156e-10,6.736424438105349e-10,4.909850304102292e-12,6.217248937900877e-13,2.7176767503078736e-09
Rastrigin-2d,cahotic,ABC/best/1,0.0663306038837554,0.24818639368135922,1.4239276424632408e-11,3.552713678800501e-15,0.9949590570983986
Rastrigin-2d,random,ABC/best/2,2.774839913399774e-10,4.0864919008613513e-10,1.0292211527485051e-10,7.290168468898628e-12,1.5595418290104135e-09
Rastrigin-2d,cahotic,ABC/best/2,7.720908949219544e-10,1.337314999745891e-09,1.6997603324853117e-10,9.201528428093297e-13,5.331671104613633e-09
Weierstrass-2d,random,StandardABC,3.993960717707523e-12,1.0284862175164406e-11,3.6415315207705135e-14,0.0,3.9331204959580646e-11
Weierstrass-2d,cahotic,StandardABC,3.4425795547576856e-13,7.447661281225435e-13,3.6415315207705135e-14,0.0,3.0171420917213254e-12
Weierstrass-2d,random,ModifiedABC,4.962435795619058e-10,8.989766037612285e-10,1.6865309149238783e-10,9.015010959956271e-14,3.3731097914824204e-09
Weierstrass-2d,cahotic,ModifiedABC,5.779303554239353e-10,7.135128321528453e-10,3.121165548236604e-10,1.0658141036401503e-14,2.6523783169807302e-09
Weierstrass-2d,random,ABC/best/1,8.46986036862063e-10,1.6246575619674052e-09,1.2626744094745845e-10,3.810285420513537e-13,6.509792704889605e-09
Weierstrass-2d,cahotic,ABC/best/1,1.9491871820302247e-10,2.351426426498332e-10,2.715339064707223e-11,2.1254109583423997e-12,6.398268581619959e-10
Weierstrass-2d,random,ABC/best/2,1.5268640574106485e-09,2.4886662776256287e-09,3.374305279635337e-10,1.2314149699932386e-11,9.896945485365904e-09
Weierstrass-2d,cahotic,ABC/best/2,1.0738063771498219e-09,1.3580339922729318e-09,4.277449505707409e-10,1.0023981644735613e-11,5.367683186818795e-09
Griewank-2d,random,StandardABC,3.700743415417188e-17,5.2336415289459174e-17,0.0,0.0,1.1102230246251565e-16
Griewank-2d,cahotic,StandardABC,5.921189464667501e-17,5.538765574740299e-17,1.1102230246251565e-16,0.0,1.1102230246251565e-16
Griewank-2d,random,ModifiedABC,7.401486830834377e-17,5.2336415289459174e-17,1.1102230246251565e-16,0.0,1.1102230246251565e-16
Griewank-2d,cahotic,ModifiedABC,6.661338147750939e-17,5.438959822042074e-17,1.1102230246251565e-16,0.0,1.1102230246251565e-16
Griewank-2d,random,ABC/best/1,6.661338147750939e-17,5.438959822042074e-17,1.1102230246251565e-16,0.0,1.1102230246251565e-16
Griewank-2d,cahotic,ABC/best/1,5.921189464667501e-17,5.538765574740299e-17,1.1102230246251565e-16,0.0,1.1102230246251565e-16
Griewank-2d,random,ABC/best/2,7.401486830834377e-17,5.2336415289459174e-17,1.1102230246251565e-16,0.0,1.1102230246251565e-16
Griewank-2d,cahotic,ABC/best/2,8.141635513917814e-17,4.9095909417268636e-17,1.1102230246251565e-16,0.0,1.1102230246251565e-16
Schwefel-2d,random,StandardABC,2.5455132345086895e-05,0.0,2.5455132345086895e-05,2.5455132345086895e-05,2.5455132345086895e-05
Schwefel-2d,cahotic,StandardABC,2.5455132345086895e-05,0.0,2.5455132345086895e-05,2.5455132345086895e-05,2.5455132345086895e-05
Schwefel-2d,random,ModifiedABC,0.021031109663378327,0.028565855443201695,0.008563813652699537,0.0011871282584934306,0.10767647270085945
Schwefel-2d,cahotic,ModifiedABC,0.025632510004159788,0.030680045963869758,0.013993773387483088,0.0009130010898843466,0.10870977090803535
Schwefel-2d,random,ABC/best/1,2.5455183011520905e-05,8.315213820947656e-11,2.5455152353970334e-05,2.5455132458773733e-05,2.5455472155044845e-05
Schwefel-2d,cahotic,ABC/best/1,2.5455421102075586e-05,4.804482045336154e-10,2.5455180320932413e-05,2.545513302720792e-05,2.5456580488025793e-05
Schwefel-2d,random,ABC/best/2,2.5455474595522295e-05,4.947196163235257e-10,2.5455221589254506e-05,2.545514450957853e-05,2.5456992943873047e-05
Schwefel-2d,cahotic,ABC/best/2,2.545548406942544e-05,5.149831063599995e-10,2.5455193735979265e-05,2.545513302720792e-05,2.545691995692323e-05
Sumsquares-2d,random,StandardABC,4.691271729589403e-13,1.2507383667862702e-12,1.155153442826356e-14,6.912246534418949e-17,5.03039818980869e-12
Sumsquares-2d,cahotic,StandardABC,3.564941197470262e-14,1.004114817832987e-13,9.00583384669981e-16,4.006978650174485e-18,4.0778559313511885e-13
Sumsquares-2d,random,ModifiedABC,1.3527439095581477e-10,1.7359564900956838e-10,5.62350951518921e-11,1.0899062319958715e-12,6.315408178930893e-10
Sumsquares-2d,cahotic,ModifiedABC,1.3774813826942882e-10,1.923570307603341e-10,2.651215734809806e-11,3.143440011400142e-13,6.156975160028842e-10
Sumsquares-2d,random,ABC/best/1,1.9089717270488928e-10,4.2879538042906593e-10,2.2625446180803414e-11,4.13546287464851e-13,1.7315617575688894e-09
Sumsquares-2d,cahotic,ABC/best/1,2.2234667335185321e-10,3.5648265415322785e-10,8.22290764229216e-11,8.78601040400212e-14,1.3678098305965475e-09
Sumsquares-2d,random,ABC/best/2,3.6961632607106983e-10,8.317192220792536e-10,1.3011101072554264e-10,6.535184564221419e-12,3.4483390005701303e-09
Sumsquares-2d,cahotic,ABC/best/2,5.18857851306112e-10,9.442138107210577e-10,1.221764557329882e-10,8.070665625278706e-14,3.800885351626234e-09
Eggholder,random,StandardABC,-959.6406627208504,2.0702245165175623e-12,-959.640662720851,-959.640662720851,-959.6406627208427
Eggholder,cahotic,StandardABC,-959.6406627208509,1.0983191976712259e-13,-959.640662720851,-959.640662720851,-959.6406627208509
Eggholder,random,ModifiedABC,-959.627028896263,0.02816404838754998,-959.636162198206,-959.6406575311723,-959.5265653386258
Eggholder,cahotic,ModifiedABC,-959.6302200251783,0.026032378454786193,-959.6394106870116,-959.6406617056157,-959.5349667711146
Eggholder,random,ABC/best/1,-955.3032003007979,16.229251808319766,-959.640662720851,-959.640662720851,-894.5789003906001
Eggholder,cahotic,ABC/best/1,-959.6406627139368,2.222643613240444e-08,-959.640662720851,-959.640662720851,-959.6406626317605
Eggholder,random,ABC/best/2,-959.6406627208509,1.1368683772161603e-13,-959.640662720851,-959.640662720851,-959.640662720851
Eggholder,cahotic,ABC/best/2,-959.6406627208509,1.1368683772161603e-13,-959.640662720851,-959.640662720851,-959.640662720851
Sphere-10d,random,StandardABC,5.178414474897897e-12,9.10591985515051e-12,1.8156171171070457e-13,1.057276495908859e-15,3.226477469497247e-11
Sphere-10d,cahotic,StandardABC,2.781385658466838e-12,3.6296109659413356e-12,1.5682051725342906e-12,9.538391591111261e-15,1.3491913429271551e-11
Sphere-10d,random,ModifiedABC,5.439887488842735e-08,9.296407205560919e-08,1.9262743522795342e-08,1.417735123326058e-14,3.6323266109818713e-07
Sphere-10d,cahotic,ModifiedABC,3.402494826216908e-08,6.003883468424937e-08,5.108994132028457e-11,6.449386899325097e-18,2.0119455233330676e-07
Sphere-10d,random,ABC/best/1,9.2085504443685e-09,1.114028566750795e-08,5.459968251494876e-09,6.464057698900845e-10,4.2907784954942907e-08
Sphere-10d,cahotic,ABC/best/1,1.4421250932336084e-08,1.521666757004686e-08,7.00073141960648e-09,4.927525329491504e-10,3.9539415920154487e-08
Sphere-10d,random,ABC/best/2,2.1206117667665984e-08,2.1279075821407556e-08,9.885869497073918e-09,1.9497189227182283e-09,7.334442768553214e-08
Sphere-10d,cahotic,ABC/best/2,1.800859785323425e-08,1.9656421462134085e-08,8.815115933290275e-09,1.865777969782337e-11,6.256555020123235e-08
Rosenbrock-10d,random,StandardABC,0.019241590378982796,0.020456673939222632,0.010841664226736783,0.00042537373849069096,0.06121085831365236
Rosenbrock-10d,cahotic,StandardABC,0.004707211317118284,0.005096098544410997,0.0035186312048138767,0.00044160281265236373,0.020212145558936342
Rosenbrock-10d,random,ModifiedABC,6.941575896444169,0.15309805293947948,6.933426377667357,6.7043885809867945,7.199847514255039
Rosenbrock-10d,cahotic,ModifiedABC,6.929692597304363,0.20233680118913716,6.9640623593874835,6.442066717243221,7.222712456752094
Rosenbrock-10d,random,ABC/best/1,0.686063167919095,1.043202891364641,0.23504557794551023,0.0001046223216588775,3.9499988004506132
Rosenbrock-10d,cahotic,ABC/best/1,0.1232768673997395,0.3386924729330999,0.0017068084458016232,2.700596809924054e-05,1.360835040780164
Rosenbrock-10d,random,ABC/best/2,0.25327108487391164,0.39354491651409457,0.09498960025244839,0.001040714269611735,1.5508067006754216
Rosenbrock-10d,cahotic,ABC/best/2,0.007994916578366044,0.0111602075250004,0.003928343934267931,0.00034079795222192544,0.04085604300789646
Ackley-10d,random,StandardABC,1.8519325332514807e-10,2.8804506455823674e-10,3.359801326041634e-11,5.542233338928781e-13,1.1199645655324275e-09
Ackley-10d,cahotic,StandardABC,5.148990567249712e-10,4.980917197266204e-10,2.2360424623002473e-10,3.950617610826157e-12,1.6761916299401491e-09
Ackley-10d,random,ModifiedABC,3.2818181002388273e-08,1.781783937628053e-08,3.1592477967024024e-08,4.285269028514449e-09,6.676711450381845e-08
Ackley-10d,cahotic,ModifiedABC,1.969344059678709e-08,1.9263235619685255e-08,1.506926139427378e-08,3.3086777762036945e-10,6.738163094155425e-08
Ackley-10d,random,ABC/best/1,5.959156842057686e-09,6.6185100601751385e-09,4.1374335069122026e-09,9.770317888069258e-11,2.666660847694402e-08
Ackley-10d,cahotic,ABC/best/1,1.1152584752001833e-08,1.2435339840515817e-08,6.727113088800252e-09,7.282885405857087e-10,4.425262645213479e-08
Ackley-10d,random,ABC/best/2,1.754788077808674e-08,1.3368172398752297e-08,1.4453430452476823e-08,3.6409062431630446e-09,5.711446249279106e-08
Ackley-10d,cahotic,ABC/best/2,2.264682095187709e-08,1.7402809285549367e-08,1.8260617906662446e-08,1.5109122841749922e-09,7.115916034194925e-08
Rastrigin-10d,random,StandardABC,0.0,0.0,0.0,0.0,0.0
Rastrigin-10d,cahotic,StandardABC,0.0,0.0,0.0,0.0,0.0
Rastrigin-10d,random,ModifiedABC,0.0,0.0,0.0,0.0,0.0
Rastrigin-10d,cahotic,ModifiedABC,0.0,0.0,0.0,0.0,0.0
Rastrigin-10d,random,ABC/best/1,9.801575136710501e-09,1.222650698783019e-08,4.334452796683763e-09,1.2505552149377763e-11,3.5919498486691737e-08
Rastrigin-10d,cahotic,ABC/best/1,0.06633062033059313,0.24818639589543964,7.992298378667329e-09,2.7981172934232745e-10,0.9949590818295633
Rastrigin-10d,random,ABC/best/2,1.6099051928601208e-08,1.6418505283420643e-08,9.770204201231536e-09,6.825899845352978e-10,5.115123258292442e-08
Rastrigin-10d,cahotic,ABC/best/2,1.8302328423184615e-08,1.4591423723386018e-08,1.8912928112513328e-08,6.08665118306817e-10,4.579032975016162e-08
Weierstrass-10d,random,StandardABC,1.8187525559672698e-12,2.8836156606480364e-12,2.1316282072803006e-13,0.0,9.79127889877418e-12
Weierstrass-10d,cahotic,StandardABC,4.552210460436375e-13,3.813831469286092e-13,4.654054919228656e-13,0.0,1.3287149158713873e-12
Weierstrass-10d,random,ModifiedABC,2.584831179319735e-07,1.2305480145610737e-07,2.4191063374701116e-07,6.86173251551736e-08,5.623802223908569e-07
Weierstrass-10d,cahotic,ModifiedABC,2.834545756040067e-07,1.537663970333791e-07,2.3931495007900594e-07,4.8946994013476797e-08,5.583747118009796e-07
Weierstrass-10d,random,ABC/best/1,2.231970176088301e-08,1.801583050606841e-08,2.7234907662432306e-08,2.1113422121743497e-10,6.113208073088572e-08
Weierstrass-10d,cahotic,ABC/best/1,1.728095355701953e-08,1.2976726325051357e-08,1.5165564803965026e-08,3.2527971427498414e-09,4.91491682907963e-08
Weierstrass-10d,random,ABC/best/2,4.130646663232558e-08,2.4791780606496575e-08,4.1479871981664473e-08,1.01038715172308e-08,1.1455097492785171e-07
Weierstrass-10d,cahotic,ABC/best/2,3.121035258383624e-08,2.5731667430966517e-08,2.103779905837655e-08,6.557808518437014e-09,8.768669701453291e-08
Griewank-10d,random,StandardABC,0.0014792450179211972,0.002958490038145185,1.1102230246251565e-16,0.0,0.007396594410577273
Griewank-10d,cahotic,StandardABC,0.0014782257148540237,0.0037953931505694464,1.1102230246251565e-16,0.0,0.01231610110635828
Griewank-10d,random,ModifiedABC,5.921189464667501e-17,5.538765574740299e-17,1.1102230246251565e-16,0.0,1.1102230246251565e-16
Griewank-10d,cahotic,ModifiedABC,0.00815417094987448,0.025073554260132504,1.1102230246251565e-16,0.0,0.09954523053541087
Griewank-10d,random,ABC/best/1,0.0011971340583726434,0.0031063221775063953,1.1102230246251565e-16,0.0,0.010560970539628123
Griewank-10d,cahotic,ABC/best/1,0.001902394206097139,0.0033311752363794087,6.11416695051048e-10,0.0,0.009864672061007052
Griewank-10d,random,ABC/best/2,0.0009862202323920619,0.0025141420157214138,1.5252268337206942e-09,5.684341886080802e-14,0.007396052229544314
Griewank-10d,cahotic,ABC/best/2,0.000493072364003703,0.0018448963467409781,4.336428993667596e-10,1.3039569424222464e-12,0.007396042407586845
Schwefel-10d,random,StandardABC,0.00012727566251366322,3.0916874878996085e-13,0.00012727566263492918,0.00012727566172543447,0.00012727566263492918
Schwefel-10d,cahotic,StandardABC,0.00012727566263492918,0.0,0.00012727566263492918,0.00012727566263492918,0.00012727566263492918
Schwefel-10d,random,ModifiedABC,1300.4796289621927,141.16282580030887,1321.8616720713721,1078.9544877072572,1568.0175934250874
Schwefel-10d,cahotic,ModifiedABC,1228.1796002987242,157.86784272739345,1291.6579771523852,858.0299350193986,1451.6395870799133
Schwefel-10d,random,ABC/best/1,0.00012728275038777307,8.841110747675003e-09,0.00012727903776976746,0.00012727568264381262,0.00012731001515930984
Schwefel-10d,cahotic,ABC/best/1,0.00012728187703032746,6.627395304187595e-09,0.00012727980720228516,0.0001272756726393709,0.0001273017396670184
Schwefel-10d,random,ABC/best/2,0.0001272991496080067,2.1303377479444686e-08,0.00012729027366731316,0.00012727607463602908,0.00012734786105284002
Schwefel-10d,cahotic,ABC/best/2,0.00012729794658904818,2.230940580632736e-08,0.00012728917954518693,0.00012727666216960642,0.00012734520078083733
Sumsquares-10d,random,StandardABC,2.5445684231241806e-13,4.772444350360695e-13,3.575514510874673e-14,9.356601874173615e-17,1.7636276414938211e-12
Sumsquares-10d,cahotic,StandardABC,1.9267554189579556e-13,4.1151468400694114e-13,4.0471011997300136e-15,9.911950831115679e-17,1.6168814114696618e-12
Sumsquares-10d,random,ModifiedABC,2.8413528063916776e-17,2.627011860974518e-17,1.8760929836730975e-17,5.179869592017055e-31,7.735158195066553e-17
Sumsquares-10d,cahotic,ModifiedABC,5.5286688989851746e-17,1.1769174601112207e-16,5.8462665002779044e-18,1.5482247287443532e-30,4.810718175838112e-16
Sumsquares-10d,random,ABC/best/1,7.326911066939352e-09,6.985730276720535e-09,5.515492957139184e-09,3.8318324329434326e-11,2.7073183242077962e-08
Sumsquares-10d,cahotic,ABC/best/1,6.380533587343483e-09,6.889661437565367e-09,2.690566221312557e-09,2.49272108366468e-10,2.2977111677349477e-08
Sumsquares-10d,random,ABC/best/2,1.910184508806609e-08,1.8453890927921317e-08,1.5862292518954406e-08,9.383207765156052e-10,5.5939419183487685e-08
Sumsquares-10d,cahotic,ABC/best/2,2.4158171744201306e-08,2.3936072343426848e-08,1.4319430912090635e-08,1.9847688760576214e-10,9.238632638895504e-08
Sphere-30d,random,StandardABC,2.5576819579387018e-11,4.4446204619578556e-11,3.492055999376148e-12,5.862757487450207e-14,1.592663035036177e-10
Sphere-30d,cahotic,StandardABC,1.2351797842616675e-11,3.4092496746874366e-11,1.5324400333612017e-12,1.2431495412747407e-13,1.3913458806285466e-10
Sphere-30d,random,ModifiedABC,7.16931135346429e-17,2.1271195976677192e-17,8.108671006271166e-17,3.2706793844301367e-17,1.0547813951582408e-16
Sphere-30d,cahotic,ModifiedABC,7.481326266463237e-17,2.9318622247249745e-17,7.966426257262799e-17,7.311530812605983e-18,1.0673598332959907e-16
Sphere-30d,random,ABC/best/1,4.363915061771851e-08,5.184101464382231e-08,3.012185277956769e-08,1.781182939581549e-09,2.1471940806535982e-07
Sphere-30d,cahotic,ABC/best/1,5.04248334467082e-08,5.0980141226320354e-08,3.092986297647201e-08,2.413874892782996e-11,1.5499876440423542e-07
Sphere-30d,random,ABC/best/2,9.097050874291434e-08,7.998945532351562e-08,5.1767924066991915e-08,1.1368785807798287e-08,2.549572605830741e-07
Sphere-30d,cahotic,ABC/best/2,9.742200708479102e-08,8.213317401246367e-08,7.475826633837235e-08,7.085583825439774e-09,2.702936373782409e-07
Rosenbrock-30d,random,StandardABC,18.024885036271158,5.32986627700859,19.709124106558964,7.050576580113714,25.176355413169855
Rosenbrock-30d,cahotic,StandardABC,1.8885958134513736,1.8215351563730826,1.2459774462659585,0.2124213413033819,5.673695269878799
Rosenbrock-30d,random,ModifiedABC,27.593676320825026,0.18040800916488256,27.586729108607766,27.287141359522735,27.85899645609843
Rosenbrock-30d,cahotic,ModifiedABC,27.56249763700676,0.19653884472209288,27.558263460930807,27.202629836927777,27.89701524158945
Rosenbrock-30d,random,ABC/best/1,22.432481158997795,3.6015904757223467,22.37978832905849,12.122502762790928,26.392032282231938
Rosenbrock-30d,cahotic,ABC/best/1,13.473388363392303,9.623002791732272,18.244821547618237,0.034873361142041,26.55694554269925
Rosenbrock-30d,random,ABC/best/2,21.554559491554684,6.160117113572817,22.905846531689008,0.20291225355903886,27.534433772451433
Rosenbrock-30d,cahotic,ABC/best/2,9.153218241290931,9.468752104636751,3.5387996052531503,0.024056465026732053,26.11648345297419
Ackley-30d,random,StandardABC,7.396846560444222e-08,6.154288932140635e-08,5.439722272626568e-08,3.357662592406996e-09,1.8463826734205213e-07
Ackley-30d,cahotic,StandardABC,4.759561823182897e-08,3.9233328912338006e-08,3.8353654474576615e-08,7.68479679891243e-09,1.5192263091989844e-07
Ackley-30d,random,ModifiedABC,2.331867984632178e-08,1.8093057317130013e-08,1.6453903128876846e-08,2.20931895000831e-09,5.7696571076348846e-08
Ackley-30d,cahotic,ModifiedABC,3.882512634352982e-08,3.911125063723065e-08,2.5197614661465195e-08,5.930292701350481e-09,1.6152420201365203e-07
Ackley-30d,random,ABC/best/1,7.818339990232441e-09,1.0109512994716067e-08,3.7114062934051617e-09,7.536726798207383e-11,3.628515443665492e-08
Ackley-30d,cahotic,ABC/best/1,3.8599973587831e-09,2.994662163881831e-09,3.586990260373568e-09,2.596287629330618e-10,8.306621168685524e-09
Ackley-30d,random,ABC/best/2,2.291974562732927e-08,1.6228586339569877e-08,2.2550558753664518e-08,2.3037607377318636e-09,6.731406543281082e-08
Ackley-30d,cahotic,ABC/best/2,2.1085991856277056e-08,1.7803641134212916e-08,1.1051735526734774e-08,1.636731639109712e-09,4.7937987801560666e-08
Rastrigin-30d,random,StandardABC,0.3091345075640864,0.4530282066493926,0.0004827260193565053,2.2300980617728783e-08,1.0855401615829692
Rastrigin-30d,cahotic,StandardABC,0.008890678051056967,0.032782142717702106,8.79322431046603e-06,5.094517518955399e-08,0.13154442972910374
Rastrigin-30d,random,ModifiedABC,0.0,0.0,0.0,0.0,0.0
Rastrigin-30d,cahotic,ModifiedABC,0.0,0.0,0.0,0.0,0.0
Rastrigin-30d,random,ABC/best/1,5.198948353305847e-08,5.354324766329055e-08,4.016766297354479e-08,4.5656634029001e-10,2.053173489002802e-07
Rastrigin-30d,cahotic,ABC/best/1,0.06633065141856302,0.2481864111127115,3.952993665734539e-08,6.3442939790547825e-09,0.994959169855349
Rastrigin-30d,random,ABC/best/2,5.803198443269745e-08,4.638664203080506e-08,4.367171868580044e-08,4.092157723789569e-10,1.812730374695093e-07
Rastrigin-30d,cahotic,ABC/best/2,6.776660181155118e-08,3.966291202802172e-08,6.563010401805514e-08,8.913048077374697e-10,1.6175732753254124e-07
Weierstrass-30d,random,StandardABC,0.0015114698247344904,0.00018541064992661752,0.001532440772564314,0.0011145159748906508,0.0017385603294357566
Weierstrass-30d,cahotic,StandardABC,0.001418768251094112,0.00032366842044746053,0.0014408122188527273,0.0008741727255525689,0.0021298562950846645
Weierstrass-30d,random,ModifiedABC,2.6673300605276988e-11,8.84285437841732e-11,0.0,0.0,3.5485214766595163e-10
Weierstrass-30d,cahotic,ModifiedABC,6.9396340525903115e-12,2.5950544825630278e-11,0.0,0.0,1.0403766736999387e-10
Weierstrass-30d,random,ABC/best/1,7.465624207725341e-08,5.7159633840772556e-08,4.476193993241395e-08,1.1679468059355713e-08,1.894524146450749e-07
Weierstrass-30d,cahotic,ABC/best/1,1.0336363989911964e-07,7.005076794979161e-08,9.3466866246672e-08,7.686821845709346e-09,2.5882955867473356e-07
Weierstrass-30d,random,ABC/best/2,1.9019798145336608e-07,8.210581259802235e-08,1.7499536397735937e-07,8.142050944570656e-08,3.753051061039514e-07
Weierstrass-30d,cahotic,ABC/best/2,2.0561041651490087e-07,1.1574028749952549e-07,2.0242759291022594e-07,2.4979058821372746e-08,4.1025495534086076e-07
Griewank-30d,random,StandardABC,4.912702157491289e-05,0.0001835710919379897,1.8249853961371798e-08,1.107397396005183e-09,0.0007359869761781601
Griewank-30d,cahotic,StandardABC,2.4629978479406846e-06,5.024861520628555e-06,7.561714387982477e-08,2.0612431761435346e-09,1.581683978157944e-05
Griewank-30d,random,ModifiedABC,9.62193288008469e-17,3.7740325780024505e-17,1.1102230246251565e-16,0.0,1.1102230246251565e-16
Griewank-30d,cahotic,ModifiedABC,8.881784197001253e-17,4.4408920985006264e-17,1.1102230246251565e-16,0.0,1.1102230246251565e-16
Griewank-30d,random,ABC/best/1,1.6445060128470836e-11,6.145070321435454e-11,1.1102230246251565e-16,0.0,2.4637236695213005e-10
Griewank-30d,cahotic,ABC/best/1,1.1520406850706878e-11,3.959977303782384e-11,1.1102230246251565e-16,1.1102230246251565e-16,1.594477883060108e-10
Griewank-30d,random,ABC/best/2,7.409839682577986e-08,2.458665573475841e-07,8.053420152975832e-10,1.3322676295501878e-15,9.922799104611357e-07
Griewank-30d,cahotic,ABC/best/2,7.49516428995752e-08,1.64032434272833e-07,1.8861079364995703e-09,4.440892098500626e-16,6.178850513460787e-07
Schwefel-30d,random,StandardABC,246.8323712231366,117.13611042235607,239.65798577023452,7.984512548451676,473.9209320462269
Schwefel-30d,cahotic,StandardABC,119.89296810064006,86.6463814069446,118.53291669559985,0.01584578086658439,239.58418198790787
Schwefel-30d,random,ModifiedABC,7181.361549609374,263.3325258259517,7210.572957330696,6610.268293333254,7580.736241543619
Schwefel-30d,cahotic,ModifiedABC,7183.831522186472,189.88831567479127,7215.608899819632,6828.920253282936,7435.396121057759
Schwefel-30d,random,ABC/best/1,7.896272093984953,29.54371598732649,0.0003818572840827983,0.0003818270179181127,118.43873525071649
Schwefel-30d,cahotic,ABC/best/1,0.00038188454454939346,5.662253212884218e-08,0.00038186686288099736,0.0003818290242634248,0.000382054324290948
Schwefel-30d,random,ABC/best/2,0.0003819047125337723,5.465869957779016e-08,0.0003818977656919742,0.0003818354416580405,0.00038202035102585796
Schwefel-30d,cahotic,ABC/best/2,0.00038187135529976025,3.5151000502687493e-08,0.00038186362144188024,0.0003818333789240569,0.0003819705179921584
Sumsquares-30d,random,StandardABC,2.960650032189647e-11,2.0799403283370144e-11,2.2588991345936676e-11,5.970200930844014e-12,7.623319698464111e-11
Sumsquares-30d,cahotic,StandardABC,4.046677781345762e-11,2.4003019376152347e-11,3.796783407201584e-11,9.506612763186654e-12,9.693836070554483e-11
Sumsquares-30d,random,ModifiedABC,9.002958487363789e-17,1.4744425980840386e-17,9.360997877416038e-17,5.316345203213672e-17,1.0837859352978275e-16
Sumsquares-30d,cahotic,ModifiedABC,8.511866862857249e-17,1.8485653465274544e-17,8.896143135900017e-17,5.527331229269236e-17,1.077853943399997e-16
Sumsquares-30d,random,ABC/best/1,5.498957399269877e-08,5.224482314935988e-08,4.390358295315059e-08,6.962467131173643e-10,2.012946885732483e-07
Sumsquares-30d,cahotic,ABC/best/1,3.768217838341618e-08,2.7950712186075815e-08,4.1729476226590884e-08,5.331610436560165e-10,9.852512807667146e-08
Sumsquares-30d,random,ABC/best/2,5.736227244993453e-08,5.598689789871434e-08,3.590919059651943e-08,9.546687113201667e-09,2.20398706164398e-07
Sumsquares-30d,cahotic,ABC/best/2,1.4133664411618274e-07,1.202824180572182e-07,1.0489404943212625e-07,8.927237163099917e-10,4.3359606539614364e-07
